{"YOLO": {"metrics": {"2": 0.10692179291058711, "4": 0.36332869781265864, "8": 0.5695315555952384, "12": 0.6208497520664483}, "time": 1.0883587824747876, "classification": {"precision_2": 0.06234423477554905, "recall_2": 0.9734934965020416, "f1_2": 0.11718268094005992, "true_positives_2": 9806, "false_positives_2": 147482, "false_negatives_2": 267, "precision_4": 0.12189741111070793, "recall_4": 0.9862654315914272, "f1_4": 0.21697554415037165, "true_positives_4": 19173, "false_positives_4": 138115, "false_negatives_4": 267, "precision_8": 0.1575453944256685, "recall_8": 0.9893400403284465, "f1_8": 0.27180501753077124, "true_positives_8": 24780, "false_positives_8": 132508, "false_negatives_8": 267, "precision_12": 0.1656833324750977, "recall_12": 0.9898583199795425, "f1_12": 0.2838523484156411, "true_positives_12": 26060, "false_positives_12": 131228, "false_negatives_12": 267, "pdj": 0.15441655478703215}}, "HRNet": {"metrics": {"2": 0.058641095338544336, "4": 0.46178548793550644, "8": 0.7878633554548398, "12": 0.8397164943701075}, "time": 0.22013606015120085, "classification": {"precision_2": 0.17313289168456597, "recall_2": 0.7975451452723764, "f1_2": 0.28450190378954626, "true_positives_2": 12923660, "false_positives_2": 61722237, "false_negatives_2": 3280639, "precision_4": 0.493901989013476, "recall_4": 0.91828717142251, "f1_4": 0.6423228014257063, "true_positives_4": 36867757, "false_positives_4": 37778140, "false_negatives_4": 3280639, "precision_8": 0.6864910605869353, "recall_8": 0.9398317046427782, "f1_8": 0.7934244177910514, "true_positives_8": 51243741, "false_positives_8": 23402156, "false_negatives_8": 3280639, "precision_12": 0.7223909306092574, "recall_12": 0.9426503402076222, "f1_12": 0.8179472529607272, "true_positives_12": 53923519, "false_positives_12": 20722378, "false_negatives_12": 3280639, "pdj": 0.21043323254795002}}}